sha256	kind	path
2cf93fc3ceacfbd0930dc7b80cd5b5a28a658bead2a71bce9d12c836b03923cd	input	cloud_pc_b/checkpoints.jsonl
b1fdec2c103776ef0ed70675272c4515fad8492fc8d637dd8921d1d6cb4fd90b	input	cloud_pc_b/fechamento_lane.json
9e49bd353ddb2b2a18e0aae90d54938c0699e474f4236a968273e5f68008f1dc	input	cloud_pc_b/intencoes.jsonl
4decdb5616dcdcc2095d5861940e92bf7e7da4acd2c8d8945c2b674bd5951637	input	cloud_pc_b/ledger_resultados.jsonl
3fc93785fc828fed30ad774ee8101cb48160cd748a5a9797d2b97c41c933cdcf	input	cloud_pc_b/tentativas.jsonl
609a79444ba164012901f1a940cffb60c1be24886d8748bf8eba1873d46a77dc	input	consolidado/checkpoints.jsonl
00fe7fa44d01298ece6596b69869d201e595727afbd1f7bb54cecbe503a79972	input	consolidado/intencoes.jsonl
4797eb29ac770f88879bbb9eba32c0fc28a1a2da330866ec9fc5107c689de225	input	consolidado/ledger_resultados.jsonl
55226f169a5c164719d7e89030fc75b1ec7673877c353c3ff7a7ad0f563562b8	input	consolidado/tentativas.jsonl
6eca6fa2645ade22e18ab58deee71ffcbff507f8ba349f85bab75b66e6f1a186	input	local_pc_a/checkpoints.jsonl
b0d5be9bc7ccd2d32dbc7c6ae6f9df5c29f6bb8691b9bd50053fab01a2159893	input	local_pc_a/fechamento_lane.json
a699900fe3b7677abe683d75e94852b56d69010d619d2911d8fda539c682d3d3	input	local_pc_a/intencoes.jsonl
91da419b2c6517991a2b86f302b32fa431cc798adb9d5e8de97c7e37020ca7ce	input	local_pc_a/ledger_resultados.jsonl
a6d42fc22c2b56bebc2ceb1cdb98ff689cd46f7d57e2950e61580b3635d80f43	input	local_pc_a/tentativas.jsonl
60fcbd4a53d4c203fb137350224074fc66858255a6278d652dc962c2381c3229	static_git_blob	baterias_finais/m2_3_campaign_g1_v2_ready/agenda/agenda_primaria_v6_i1.json
d6fee0aa0bc264c1fca4fa78bbd6304677c92dc1115216b2176cfa4a18a61c84	static_git_blob	baterias_finais/m2_3_campaign_g1_v2_ready/baselines/baselines_a_b_v6_i1.json
99f7531e2795f9c377855aacb853a026749996a4f630b8917b5e9b03de783abb	static_git_blob	baterias_finais/m2_3_congelamento_b1_v5_ancorado_i1_sucessor/contratos/contrato_produtos_analise_v1.json
bb5c34eca7952bda2b14180c45550b58c599cc3a2629c618dcf82fd2d71c3b68	static_git_blob	baterias_finais/m2_3_congelamento_b1_v5_ancorado_i1_sucessor/visibilidade/human_metadata_visibility_i1.json
e6bcc54701b7916d9141da227ea3805c37b822fc194e49105598368f97e31383	static_git_blob	baterias_finais/m2_3_congelamento_casos_v2_i1/manifesto_90_casos_v2_i1.json
f638d1962f058a7f84801f7f7fab19b09988cff14a02d670b39a0039903340a9	output_authority	docs/processo/EMENDA_CONTRATUAL_SAIDA_F1A_V3_M2_3_2026-09-08.json
7359b6cd01ac7354d2b9e6f76380db23eea5c7b0f5879863a78a4831e6001a82	analyzer_source	tools/m2_3_analisador_v4/__init__.py
935a1c1166b0c1ea35a82256345000bf2c73ded718d77773bc27a71ecce28f7d	analyzer_source	tools/m2_3_analisador_v4/__main__.py
70a42c7cfd6ed8cd9199664ffe87fbfa29c8ebda2cf645946c9fcee538cbcf03	analyzer_source	tools/m2_3_analisador_v4/cli.py
85e70f1af65b1872c844605149e91112dff7dba79d6ef863e049862820e8f09a	analyzer_source	tools/m2_3_analisador_v4/core.py
ebaa842313457d121951e88c8d212df403dd5b7bc8a91edcf638e4251d8924d3	analyzer_source	tools/m2_3_analisador_v4/detector_recusa_v1.json
38f08e6c734e7675ed118188c845374a349c3a72318fc88528cbf3d525286577	analyzer_source	tools/m2_3_analisador_v4/errors.py
bbba419dd152bc729b1ce14842008ef28b64fb1c08da438638a7e0bf8d089243	analyzer_source	tools/m2_3_analisador_v4/io_utils.py
1b32e54e253c20519cdd106f4afe80f615ab768fc02355669553f664c0983b26	analyzer_source	tools/m2_3_analisador_v4/materialize.py
59aefc3565e2ef107c17209f8fc0470cd4f234a57ebb81b068999901a7341f75	analyzer_source	tools/m2_3_analisador_v4/sampling.py
004bc69116b4a2b7ff0a09d6c5bc22937967ce315fff1d008e5d26fb145361f4	analyzer_source	tools/m2_3_analisador_v4/schema_validation.py
f31512da2e18b1005728d5c93f5541e1a68164c7c990d4425fd187539d006b68	analyzer_source	tools/m2_3_analisador_v4/semantics.py
6da7b361cc22c5edd3c8060d0651ae90c78a701d54872935c086444c17ebcf6a	analyzer_source	tools/m2_3_analisador_v4/stats.py
90b457e413e84d6b000b2deafa89fade64ef01dbaf07473fb69de1c3b7a3bff2	analyzer_source	tools/m2_3_regressoes_adversariais_v1/__init__.py
c548b2943c885e18bf8e8c2addde33750ad5b8d7094e31f89063a7ea76def35d	analyzer_source	tools/m2_3_regressoes_adversariais_v1/contracts.py
667df0b01795913510d87815c03725a0f6e6c923b67c4db1b915674a69aaae07	analyzer_source	tools/m2_3_regressoes_adversariais_v1/registry_v2.json
cd2648cc506ddcea8afe901106cea75758bda4e471832e625f7f4e6d9da17aba	analyzer_source	tools/m2_3_regressoes_adversariais_v1/source_set.py
fc6788f5e357b94444a7936dfcb360f19cd32e2b39c709f559512f38ae49aa58	analyzer_source	tools/m2_3_regressoes_adversariais_v1/source_set_v1.json
d9def792ff40dd7d3428bced49b08bc337313ded448a20056d94b97f48d8bb7d	analyzer_source	tools/m2_3_runner_v2/__init__.py
d0f706a1d574b34763c9806578c8597d4cf10013c9434267266e04a81a49a1a5	analyzer_source	tools/m2_3_runner_v2/authority.py
7a5d849a3bc6732a3a734797dbddb3b008e2b0b1c1ad24dd681defec9cd3f106	analyzer_source	tools/m2_3_runner_v2/core.py
6bfee018469c3759402d06c15adaa1794ea805212aaaaa1c2c5977bc36479bf4	analyzer_source	tools/m2_3_runner_v2/serializador_i1_v2.py
3b438f62bc4e8f18c25130c4c7cf868bc6eefc8d0b0b1d3a6074f0e9915c0aac	output	casos_transicoes.csv
85dce1afd4e45021da9d1782db47858d32b0a8c9b117263eabb7240b15b28d52	output	codificacao_justificativas_e02.csv
bd6ab0442306fa68612efd65db71dc1eabcaa3d548523a72cf37cdac9a0da156	output	contrastes_pareados_nint.csv
a6fb61cc86e00042e2451bb8ee2f5af6bbc0065ae456e2b588a70d18ae44d930	output	custos_latencia.csv
0fc93b73cdda4e42c02c2610e09673275f5e5921d12a02b0b4f60f711755bf16	output	estabilidade_r1_r2.csv
6c04e9b1d76331e712ee643b075e8cfe0b21fd4128b3e427a9595f32a3ded79a	output	manifesto_analise.json
b1c6b00060a99d2c55111b2dc46be583ff1a99d4630fd8dd89d2031e04b5c022	output	matrizes_confusao.csv
ab0dbab05629ad9a8c0b986411602fa855b0b54084987c78ba8ddd015bf8ac03	output	r3_diagnostico.csv
31835e3e8b07acd56eec133726ca438ceda780a3998f4f07e0cf41d904a9a7ec	output	reconciliacao_contagens.csv
182b66d1f9ca80659a4e9fbe2593cd0b603153b2863f5c6f44696e70422923fb	output	relatorio_analitico.md
